<?xml version="1.0" encoding="UTF-8"?>
<project-private xmlns="http://www.netbeans.org/ns/project-private/1">
    <editor-bookmarks xmlns="http://www.netbeans.org/ns/editor-bookmarks/2" lastBookmarkId="0"/>
    <open-files xmlns="http://www.netbeans.org/ns/projectui-open-files/2">
        <group>
            <file>file:/C:/Users/keshav/Downloads/INFO5100-master%20(1)/INFO5100-master/lab_7/src/lab7/Lab7.java</file>
            <file>file:/C:/Users/keshav/Downloads/INFO5100-master%20(1)/INFO5100-master/lab_7/src/lab7/entities/Post.java</file>
            <file>file:/C:/Users/keshav/Downloads/INFO5100-master%20(1)/INFO5100-master/lab_7/src/lab7/entities/User.java</file>
            <file>file:/C:/Users/keshav/Downloads/INFO5100-master%20(1)/INFO5100-master/lab_7/src/lab7/analytics/AnalysisHelper.java</file>
            <file>file:/C:/Users/keshav/Downloads/INFO5100-master%20(1)/INFO5100-master/lab_7/src/lab7/utils/MapSorter.java</file>
        </group>
    </open-files>
</project-private>
